,painting_id,year,title,width,height,area,blue_area,percentage_blue_area
0,b104,1920,No. VI,1010,1007,1017070,162204.0,15.948164826413128
1,b105,1920,Composition A,918,900,826200,98645.0,11.939603001694504
2,b106,1920,Composition B,575,677,389275,87395.0,22.450709652559244
3,b107,1920,Composition C,610,603,367830,98919.0,26.892586249082456
4,b108,1920,Composition I,646,750,484500,47813.0,9.868524251805985
5,b109,1920,Composition II,564,630,355320,32325.0,9.097433299560958
6,b113,1920,Tableau no. I,651,753,490203,105148.0,21.44988912756552
7,b114,1920,"Composition with yellow, red, black, blue and gray",610,525,320250,27972.0,8.734426229508196
8,b115,1921,"Composition with red, black, yellow, blue and grey",500,800,400000,11445.0,2.86125
9,b116,1921,"Composition with yellow, blue, black, red, and gray",727,885,643395,20782.0,3.2300530778137846
10,b117,1921,"Composition with large blue plane, red, black, yellow and gray",500,605,302500,113789.0,37.616198347107435
11,b120,1921,"Composition with large red plane, black, blue, yellow and gray",480,480,230400,6059.0,2.6297743055555554
12,b121,1921,Tableau no. II,650,750,487500,76014.0,15.592615384615385
13,b122,1921,Tableau,495,495,245025,66814.0,27.268237934904597
14,b123,1921,Tableau 3,415,495,205425,13601.0,6.620907873919922
15,b125,1921,"Compositie met rood, blauw, zwart, geel en grijs",350,395,138250,3290.0,2.3797468354430378
16,b126,1921,Tableau I,605,965,583825,17784.0,3.0461182717423885
17,b128,1921,Tableau I,1000,1030,1030000,89683.0,8.707087378640777
18,b129,1921,Tableau II,990,1010,999900,35840.0,3.5843584358435843
19,b130,1921,"Composition with large red plane, yellow, black, gray and blue",595,595,354025,17877.0,5.049643386766471
20,b131,1921,"Composition with red, yellow, black, blue, and gray",380,480,182400,7992.0,4.381578947368421
21,b132,1921,"Composition with red, blue, black, yellow and gray",524,760,398240,73466.0,18.4476697468863
22,b133,1922,Tableau no. III,492,492,242064,27170.0,11.224304316213894
23,b134,1922,"Composition with blue, yellow, red and gray",348,380,132240,2170.0,1.6409558378705384
24,b135,1922,"Composition with blue, black, yellow and red",347,390,135330,9840.0,7.271115052094879
25,b136,1922,"Composition with blue, black, yellow and red",490,410,200900,15456.0,7.693379790940767
26,b137,1922,"Composition with red, blue, yellow, black and gray",486,419,203634,2093.0,1.0278244301049924
27,b138,1922,"Composition with blue, yellow, red, black, and gray",500,420,210000,15732.0,7.491428571428571
28,b139,1922,"Composition with yellow, black, blue, red, and gray",500,400,200000,0.0,0.0
29,b141,1922,"Composition with blue, yellow, red, and black",485,420,203700,7035.0,3.4536082474226806
30,b142,1922,"Composition with blue, red, yellow, and black",495,790,391050,26445.0,6.762562332182585
31,b143,1922,"Composition with yellow, blue, and blue-white",533,553,294749,59898.0,20.32169744426614
32,b144,1922,"Composition with large red plane, bluish gray, yellow, black, and blue",534,540,288360,3689.0,1.279303648217506
33,b145,1922,"Composition with blue, yellow, black, and red",540,530,286200,10557.0,3.6886792452830193
34,b146,1922,Tableau 2,534,556,296904,5150.0,1.734567402257969
35,b147,1922,"Compostion with red, black, yellow, blue, and gray",390,501,195390,0.0,0.0
36,b150,1923,Tableau,535,540,288900,504.0,0.17445482866043613
37,b159,1925,Tableau no. VII,435,485,210975,910.0,0.4313307263893827
38,b160,1925,Tableau no. VIII,415,490,203350,4784.0,2.35259404966806
39,b162,1925,Tableau no. X,425,490,208250,3740.0,1.7959183673469388
40,b163,1922,Tableau no. XI,345,385,132825,2813.0,2.1178242047807263
41,b170,1926,Komposition II,508,508,258064,0.0,0.0
42,b172,1926,Komposition IV,300,400,120000,0.0,0.0
43,b182,1927,"Composition with yellow, red, and blue",345,380,131100,2508.0,1.9130434782608694
44,b183,1927,"Composition with blue, black, and gray",350,382,133700,7031.0,5.258788332086761
45,b185,1927,"Composition with blue, yellow, and red",503,398,200194,13685.0,6.8358692068693365
46,b187,1927,"Composition with red, yellow, and blue",350,380,133000,2250.0,1.6917293233082706
47,b188,1927,"Composition with red, yellow, and blue",511,511,261121,7104.0,2.7205778164146124
48,b189,1927,"Composition with black, red, and gray",560,560,313600,0.0,0.0
49,b190,1927,No. III,400,610,244000,2600.0,1.0655737704918031
50,b191,1927,"Composition with red, yellow, and blue",520,400,208000,3006.0,1.4451923076923077
51,b192,1927,Compositie no. I,350,380,133000,9164.0,6.890225563909774
52,b193,1927,No. I,540,735,396900,5236.0,1.3192239858906525
53,b194,1927,No. III,355,380,134900,3780.0,2.8020756115641214
54,b195,1927,"Composition with red, blue, and gray",500,660,330000,1716.0,0.52
55,b196,1927,No. II,352,502,176704,1632.0,0.9235784136182543
56,b197,1927,Composition with yellow and blue,395,500,197500,12369.0,6.262784810126583
57,b198,1927,Compositie with yellow and red,350,520,182000,0.0,0.0
58,b199,1927,"Composition with yellow, red, and blue",349,378,131922,3886.0,2.9456800230439195
59,b200,1927,"Composition with red, yellow, and blue",520,750,390000,23862.0,6.118461538461538
60,b201,1928,"Large composition with red, blue, and yellow",800,1230,984000,194922.0,19.809146341463414
61,b203,1928,"Composition with red, black, blue, yellow, and gray",499,521,259979,2470.0,0.9500767369672166
62,b204,1928,"Composition with red, black, blue, and yellow",450,450,202500,3815.0,1.8839506172839506
63,b206,1929,Composition,453,451,204303,2640.0,1.2921983524471006
64,b207,1929,Composition,505,505,255025,21900.0,8.587393392804627
65,b208,1929,Composition no. I,321,401,128721,12987.0,10.089262824247792
66,b209,1929,Composition no. II,321,403,129363,11448.0,8.84951647689061
67,b210,1929,Composition no. III,454,454,206116,12400.0,6.016029808457374
68,b212,1929,Composition II,450,450,202500,20304.0,10.026666666666667
69,b213,1929,Composition no. III,505,500,252500,2624.0,1.0392079207920792
70,b214,1929,Composition no. I,520,520,270400,0.0,0.0
71,b215,1929,Composition no. II,520,520,270400,3796.0,1.4038461538461537
72,b216,1929,Composition no. IV,515,520,267800,17640.0,6.587005227781926
73,b217,1930,"Composition with red, blue and yellow",460,460,211600,12744.0,6.022684310018903
74,b219,1930,Composition no. II,510,510,260100,16093.0,6.18723567858516
75,b220,1930,Composition no. I,505,505,255025,0.0,0.0
76,b221,1930,Composition with yellow,465,460,213900,0.0,0.0
77,b222,1930,Composition II,540,726,392040,42552.0,10.853994490358126
78,b223,1930,Composition en blanc et noir I,333,409,136197,0.0,0.0
79,b224,1930,Composition en blanc et noir II,505,505,255025,0.0,0.0
80,b225,1930,Composition no. II,505,505,255025,64922.0,25.45711204783845
81,b226,1931,Composition no. I,547,825,451275,0.0,0.0
82,b227,1931,Composition en couleurs,505,505,255025,4292.0,1.682972257621802
83,b228,1931,Composition no. II,520,520,270400,2583.0,0.9552514792899409
84,b230,1932,Composition A,550,550,302500,9520.0,3.147107438016529
85,b231,1932,Composition B,500,500,250000,0.0,0.0
86,b232,1932,Composition C,504,502,253008,0.0,0.0
87,b233,1932,Composition D,385,420,161700,1207.0,0.7464440321583179
88,b234,1932,Composition with yellow and blue,553,555,306915,11960.0,3.896844403173517
89,b235,1932,Composition with blue and yellow,454,454,206116,90902.0,44.10235013293485
90,b236,1932,Composition with yellow and blue,330,413,136290,9500.0,6.970430699244258
91,b237,1932,Composition with double line and yellow,452,452,204304,0.0,0.0
92,b238,1933,Composition with double line and yellow and blue,335,410,137350,3135.0,2.282489989078995
93,b239,1933,Composition with red and blue,333,412,137196,4275.0,3.1159800577276306
94,b240,1933,Composition with blue and yellow,330,415,136950,11286.0,8.240963855421688
95,b243,1934,"Composition in black and white, with double lines",603,594,358182,0.0,0.0
96,b244,1934,Composition no. I,590,1213,715670,22600.0,3.157880028504758
97,b245,1934,Composition no. II,565,590,333350,0.0,0.0
98,b252,1935,Composition no. IV blanc-bleu,703,990,695970,26676.0,3.832923832923833
99,b253,1935,Composition A,560,590,330400,0.0,0.0
100,b254,1935,Composition B,632,800,505600,0.0,0.0
101,b255,1935,Composition (no. I) gris-rouge,550,569,312950,0.0,0.0
102,b256,1935,Composition (no. II) bleu-jaune,693,723,501039,5340.0,1.0657852981504434
103,b257,1935,Composition (no. III) blanc-jaune,510,1010,515100,6591.0,1.279557367501456
104,b259,1935,Composition with double line and blue,689,711,489879,32384.0,6.6106120082714295
105,b260,1935,Composition A (no. I),505,1000,505000,3654.0,0.7235643564356435
106,b261,1935,Composition C (no. III),551,562,309662,25917.0,8.369447978763942
107,b262,1936,Composition (A) en rouge et blanc,330,432,142560,0.0,0.0
108,b263,1936,"Composition (B), en bleu, jaune et blanc",335,435,145725,4920.0,3.3762223365928974
109,b264,1936,Composition with yellow,660,740,488400,0.0,0.0
110,b265,1936,"Composition - blanc, rouge et jaune: A",622,800,497600,0.0,0.0
111,b266,1936,Composition - blanc et rouge: B,505,515,260075,0.0,0.0
112,b267,1936,"Composition in White, Blue and Yellow",685,705,482925,5474.0,1.1335093441010509
113,b268,1936,"Composition en blanc, rouge et bleu",803,985,790955,8284.0,1.0473415048896586
114,b269,1936,"Composition en blanc, noir et rouge",1040,1020,1060800,0.0,0.0
115,b271,1937,"Composition en jaune, bleu et blanc: I",552,571,315192,2394.0,0.7595370440874134
116,b272,1937,"Composition en rouge, bleu et blanc: II",605,750,453750,4089.0,0.9011570247933883
117,b273,1937,"No. I: Opposition de lignes, de rouge et jaune",335,435,145725,0.0,0.0
118,b274,1937,No. II: Blanc et rouge,552,603,332856,4318.0,1.2972576729877183
119,b275,1937,No. III: Opposition de lignes de blanc et jaune,550,600,330000,7344.0,2.2254545454545456
120,b276,1937,Rythme de lignes droites,695,722,501790,33017.0,6.579844157914666
121,b277,1937,Composition de lignes et couleur: III,770,800,616000,6916.0,1.1227272727272728
122,b279,1937,"Composition with Yellow, Blue and Red",690,725,500250,4002.0,0.8
123,b280,1937,Composition no. 12,605,620,375100,3965.0,1.0570514529458812
124,b281,1937,Composition no. 7,622,805,500710,3969.0,0.7926744023486649
125,b283,1938,Place de la Concorde,944,940,887360,8729.0,0.9837044716913091
126,b284,1939,Composition no. 2,382,446,170372,2511.0,1.4738337285469445
127,b285,1938,Composition of red and white: I,991,1003,993973,1342.0,0.13501372773707135
128,b286,1939,Composition no. 5,650,750,487500,9159.0,1.8787692307692307
129,b287,1939,Composition no. 9,740,797,589780,0.0,0.0
130,b288,1939,Composition no. 10,730,795,580350,7824.0,1.3481519772551047
131,b292,1939,Composition no. 1,1023,1052,1076196,0.0,0.0
132,b293,1939,"Composition of red, blue and white: II",330,435,143550,2958.0,2.0606060606060606
133,b294,1939,Trafalgar Square,1200,1452,1742400,10974.0,0.6298209366391184
134,b295,1939,Composition no. 8,681,752,512112,1360.0,0.26556690723904147
135,b296,1940,Composition no. 11,711,825,586575,33485.0,5.708562417423177
